lsoa21cd,MSOA21CD,MSOA21NM,Lower.layer.Super.Output.Areas,dep_child_category,Dependent.children.in.household.and.their.age..B...6.categories.,Household.type..6.categories..Code,Household.type..6.categories.,Observation,total_number_of_households,eligible,share_of_eligible
E01011279,E02002337,Leeds 008,Leeds 008C,-8,Does not apply,-8,Does not apply,0,578,93,16.089965397923876
E01011280,E02002337,Leeds 008,Leeds 008D,-8,Does not apply,-8,Does not apply,0,845,182,21.53846153846154
E01011270,E02002337,Leeds 008,Leeds 008B,-8,Does not apply,-8,Does not apply,0,679,115,16.936671575846834
E01011267,E02002338,Leeds 009,Leeds 009B,-8,Does not apply,-8,Does not apply,0,725,141,19.448275862068964
E01011265,E02002338,Leeds 009,Leeds 009A,-8,Does not apply,-8,Does not apply,0,910,150,16.483516483516482
E01011264,E02002340,Leeds 011,Leeds 011A,-8,Does not apply,-8,Does not apply,0,570,66,11.578947368421053
E01011268,E02002339,Leeds 010,Leeds 010A,-8,Does not apply,-8,Does not apply,0,629,118,18.75993640699523
E01011269,E02002340,Leeds 011,Leeds 011B,-8,Does not apply,-8,Does not apply,0,762,104,13.648293963254593
E01011266,E02002337,Leeds 008,Leeds 008A,-8,Does not apply,-8,Does not apply,0,1142,200,17.513134851138354
E01011271,E02002338,Leeds 009,Leeds 009C,-8,Does not apply,-8,Does not apply,0,894,165,18.456375838926174
E01011273,E02002339,Leeds 010,Leeds 010B,-8,Does not apply,-8,Does not apply,0,722,108,14.958448753462603
E01011272,E02002338,Leeds 009,Leeds 009D,-8,Does not apply,-8,Does not apply,0,566,97,17.137809187279153
E01011274,E02002339,Leeds 010,Leeds 010C,-8,Does not apply,-8,Does not apply,0,666,107,16.066066066066067
E01011275,E02002339,Leeds 010,Leeds 010D,-8,Does not apply,-8,Does not apply,0,611,130,21.27659574468085
E01011276,E02002340,Leeds 011,Leeds 011C,-8,Does not apply,-8,Does not apply,0,793,128,16.14123581336696
E01011277,E02002343,Leeds 014,Leeds 014A,-8,Does not apply,-8,Does not apply,0,641,141,21.996879875195006
E01032499,E02002396,Leeds 067,Leeds 067G,-8,Does not apply,-8,Does not apply,0,702,98,13.96011396011396
E01011304,E02002418,Leeds 089,Leeds 089C,-8,Does not apply,-8,Does not apply,0,701,116,16.547788873038517
E01011278,E02002343,Leeds 014,Leeds 014B,-8,Does not apply,-8,Does not apply,0,737,107,14.51831750339213
E01011306,E02002418,Leeds 089,Leeds 089E,-8,Does not apply,-8,Does not apply,0,543,96,17.679558011049725
E01011305,E02002418,Leeds 089,Leeds 089D,-8,Does not apply,-8,Does not apply,0,651,110,16.897081413210447
E01011300,E02002418,Leeds 089,Leeds 089A,-8,Does not apply,-8,Does not apply,0,620,117,18.870967741935484
E01011309,E02002359,Leeds 030,Leeds 030C,-8,Does not apply,-8,Does not apply,0,663,102,15.384615384615385
E01011297,E02002359,Leeds 030,Leeds 030B,-8,Does not apply,-8,Does not apply,0,704,140,19.886363636363637
E01011296,E02002359,Leeds 030,Leeds 030A,-8,Does not apply,-8,Does not apply,0,775,95,12.258064516129032
E01011299,E02002417,Leeds 088,Leeds 088B,-8,Does not apply,-8,Does not apply,0,1166,299,25.643224699828473
E01011298,E02002417,Leeds 088,Leeds 088A,-8,Does not apply,-8,Does not apply,0,705,128,18.156028368794328
E01011311,E02002351,Leeds 022,Leeds 022A,-8,Does not apply,-8,Does not apply,0,484,94,19.421487603305785
E01011310,E02002359,Leeds 030,Leeds 030D,-8,Does not apply,-8,Does not apply,0,731,110,15.047879616963064
E01011308,E02002432,Leeds 103,Leeds 103B,-8,Does not apply,-8,Does not apply,0,658,111,16.869300911854104
E01011307,E02002432,Leeds 103,Leeds 103A,-8,Does not apply,-8,Does not apply,0,652,110,16.87116564417178
E01011283,E02002388,Leeds 059,Leeds 059C,-8,Does not apply,-8,Does not apply,0,634,194,30.599369085173503
E01032606,E02002396,Leeds 067,Leeds 067I,-8,Does not apply,-8,Does not apply,0,922,199,21.58351409978308
E01032500,E02002396,Leeds 067,Leeds 067H,-8,Does not apply,-8,Does not apply,0,635,109,17.165354330708663
E01032607,E02002396,Leeds 067,Leeds 067J,-8,Does not apply,-8,Does not apply,0,647,69,10.664605873261205
E01011294,E02002400,Leeds 071,Leeds 071D,-8,Does not apply,-8,Does not apply,0,490,108,22.040816326530614
E01011295,E02002388,Leeds 059,Leeds 059E,-8,Does not apply,-8,Does not apply,0,747,183,24.497991967871485
E01011281,E02002388,Leeds 059,Leeds 059A,-8,Does not apply,-8,Does not apply,0,901,190,21.08768035516093
E01011282,E02002388,Leeds 059,Leeds 059B,-8,Does not apply,-8,Does not apply,0,617,128,20.74554294975689
E01011286,E02002388,Leeds 059,Leeds 059D,-8,Does not apply,-8,Does not apply,0,586,107,18.25938566552901
E01011287,E02002396,Leeds 067,Leeds 067B,-8,Does not apply,-8,Does not apply,0,657,130,19.7869101978691
E01011284,E02002400,Leeds 071,Leeds 071A,-8,Does not apply,-8,Does not apply,0,1090,228,20.91743119266055
E01032608,E02002396,Leeds 067,Leeds 067K,-8,Does not apply,-8,Does not apply,0,515,69,13.398058252427184
E01011292,E02002400,Leeds 071,Leeds 071B,-8,Does not apply,-8,Does not apply,0,961,182,18.93860561914672
E01011293,E02002400,Leeds 071,Leeds 071C,-8,Does not apply,-8,Does not apply,0,848,185,21.816037735849058
E01011303,E02002417,Leeds 088,Leeds 088D,-8,Does not apply,-8,Does not apply,0,495,82,16.565656565656564
E01011301,E02002418,Leeds 089,Leeds 089B,-8,Does not apply,-8,Does not apply,0,558,78,13.978494623655914
E01011302,E02002417,Leeds 088,Leeds 088C,-8,Does not apply,-8,Does not apply,0,779,122,15.661103979460847
E01011320,E02002420,Leeds 091,Leeds 091D,-8,Does not apply,-8,Does not apply,0,689,159,23.076923076923077
E01011318,E02002419,Leeds 090,Leeds 090C,-8,Does not apply,-8,Does not apply,0,640,188,29.375
E01011317,E02002419,Leeds 090,Leeds 090B,-8,Does not apply,-8,Does not apply,0,886,174,19.63882618510158
E01011319,E02002420,Leeds 091,Leeds 091C,-8,Does not apply,-8,Does not apply,0,613,149,24.306688417618272
E01011337,E02002387,Leeds 058,Leeds 058D,-8,Does not apply,-8,Does not apply,0,568,200,35.2112676056338
E01011336,E02002387,Leeds 058,Leeds 058C,-8,Does not apply,-8,Does not apply,0,825,105,12.727272727272727
E01011335,E02002381,Leeds 052,Leeds 052C,-8,Does not apply,-8,Does not apply,0,818,153,18.704156479217605
E01011325,E02002375,Leeds 046,Leeds 046B,-8,Does not apply,-8,Does not apply,0,750,147,19.6
E01011326,E02002375,Leeds 046,Leeds 046C,-8,Does not apply,-8,Does not apply,0,626,142,22.68370607028754
E01011329,E02002380,Leeds 051,Leeds 051B,-8,Does not apply,-8,Does not apply,0,698,91,13.037249283667622
E01011323,E02002380,Leeds 051,Leeds 051A,-8,Does not apply,-8,Does not apply,0,615,92,14.959349593495935
E01011332,E02002375,Leeds 046,Leeds 046D,-8,Does not apply,-8,Does not apply,0,692,168,24.277456647398843
E01011328,E02002381,Leeds 052,Leeds 052B,-8,Does not apply,-8,Does not apply,0,707,138,19.51909476661952
E01011331,E02002387,Leeds 058,Leeds 058A,-8,Does not apply,-8,Does not apply,0,631,93,14.73851030110935
E01011334,E02002387,Leeds 058,Leeds 058B,-8,Does not apply,-8,Does not apply,0,689,88,12.772133526850508
E01011330,E02002380,Leeds 051,Leeds 051C,-8,Does not apply,-8,Does not apply,0,584,100,17.123287671232877
E01011327,E02002381,Leeds 052,Leeds 052A,-8,Does not apply,-8,Does not apply,0,655,116,17.709923664122137
E01011324,E02002375,Leeds 046,Leeds 046A,-8,Does not apply,-8,Does not apply,0,551,160,29.038112522686024
E01011353,E02002363,Leeds 034,Leeds 034D,-8,Does not apply,-8,Does not apply,0,848,141,16.62735849056604
E01011356,E02002371,Leeds 042,Leeds 042A,-8,Does not apply,-8,Does not apply,0,940,119,12.659574468085106
E01011358,E02002371,Leeds 042,Leeds 042B,-8,Does not apply,-8,Does not apply,0,719,121,16.82892906815021
E01011357,E02002367,Leeds 038,Leeds 038C,-8,Does not apply,-8,Does not apply,0,909,166,18.26182618261826
E01011361,E02002371,Leeds 042,Leeds 042E,-8,Does not apply,-8,Does not apply,0,1142,244,21.36602451838879
E01011350,E02002363,Leeds 034,Leeds 034A,-8,Does not apply,-8,Does not apply,0,676,103,15.236686390532544
E01011354,E02002367,Leeds 038,Leeds 038A,-8,Does not apply,-8,Does not apply,0,654,177,27.06422018348624
E01011359,E02002371,Leeds 042,Leeds 042C,-8,Does not apply,-8,Does not apply,0,833,149,17.88715486194478
E01011360,E02002371,Leeds 042,Leeds 042D,-8,Does not apply,-8,Does not apply,0,753,201,26.693227091633467
E01011351,E02002363,Leeds 034,Leeds 034B,-8,Does not apply,-8,Does not apply,0,906,98,10.816777041942604
E01011352,E02002363,Leeds 034,Leeds 034C,-8,Does not apply,-8,Does not apply,0,962,81,8.41995841995842
E01011355,E02002367,Leeds 038,Leeds 038B,-8,Does not apply,-8,Does not apply,0,610,123,20.16393442622951
E01011362,E02002410,Leeds 081,Leeds 081A,-8,Does not apply,-8,Does not apply,0,1032,169,16.375968992248062
E01011343,E02002390,Leeds 061,Leeds 061B,-8,Does not apply,-8,Does not apply,0,936,168,17.94871794871795
E01011379,E02002346,Leeds 017,Leeds 017A,-8,Does not apply,-8,Does not apply,0,762,151,19.816272965879264
E01011371,E02002414,Leeds 085,Leeds 085B,-8,Does not apply,-8,Does not apply,0,751,160,21.30492676431425
E01011363,E02002400,Leeds 071,Leeds 071E,-8,Does not apply,-8,Does not apply,0,860,209,24.302325581395348
E01011366,E02002411,Leeds 082,Leeds 082A,-8,Does not apply,-8,Does not apply,0,788,187,23.730964467005077
E01033013,E02002411,Leeds 082,Leeds 082E,-8,Does not apply,-8,Does not apply,0,718,109,15.181058495821727
E01011368,E02002411,Leeds 082,Leeds 082C,-8,Does not apply,-8,Does not apply,0,722,183,25.346260387811633
E01011364,E02002414,Leeds 085,Leeds 085A,-8,Does not apply,-8,Does not apply,0,875,194,22.17142857142857
E01011376,E02002342,Leeds 013,Leeds 013A,-8,Does not apply,-8,Does not apply,0,680,122,17.941176470588236
E01011381,E02002345,Leeds 016,Leeds 016B,-8,Does not apply,-8,Does not apply,0,565,104,18.4070796460177
E01011378,E02002342,Leeds 013,Leeds 013C,-8,Does not apply,-8,Does not apply,0,704,110,15.625
E01011384,E02002346,Leeds 017,Leeds 017B,-8,Does not apply,-8,Does not apply,0,663,117,17.647058823529413
E01011380,E02002345,Leeds 016,Leeds 016A,-8,Does not apply,-8,Does not apply,0,675,116,17.185185185185187
E01011386,E02002345,Leeds 016,Leeds 016D,-8,Does not apply,-8,Does not apply,0,745,148,19.86577181208054
E01011382,E02002342,Leeds 013,Leeds 013D,-8,Does not apply,-8,Does not apply,0,747,125,16.733601070950467
E01032502,E02002346,Leeds 017,Leeds 017F,-8,Does not apply,-8,Does not apply,0,849,175,20.61248527679623
E01011377,E02002342,Leeds 013,Leeds 013B,-8,Does not apply,-8,Does not apply,0,609,98,16.091954022988507
E01011373,E02002414,Leeds 085,Leeds 085C,-8,Does not apply,-8,Does not apply,0,591,167,28.25719120135364
E01011374,E02002414,Leeds 085,Leeds 085D,-8,Does not apply,-8,Does not apply,0,592,114,19.256756756756758
E01011369,E02002419,Leeds 090,Leeds 090E,-8,Does not apply,-8,Does not apply,0,741,136,18.35357624831309
E01011375,E02002415,Leeds 086,Leeds 086D,-8,Does not apply,-8,Does not apply,0,689,232,33.671988388969524
E01011370,E02002411,Leeds 082,Leeds 082D,-8,Does not apply,-8,Does not apply,0,687,142,20.66957787481805
E01011372,E02002415,Leeds 086,Leeds 086C,-8,Does not apply,-8,Does not apply,0,583,192,32.93310463121784
E01011345,E02002390,Leeds 061,Leeds 061C,-8,Does not apply,-8,Does not apply,0,673,116,17.236255572065378
E01011344,E02002394,Leeds 065,Leeds 065A,-8,Does not apply,-8,Does not apply,0,833,266,31.932773109243698
E01011346,E02002389,Leeds 060,Leeds 060D,-8,Does not apply,-8,Does not apply,0,790,164,20.759493670886076
E01011340,E02002389,Leeds 060,Leeds 060B,-8,Does not apply,-8,Does not apply,0,672,191,28.422619047619047
E01011342,E02002389,Leeds 060,Leeds 060C,-8,Does not apply,-8,Does not apply,0,661,189,28.59304084720121
E01011347,E02002394,Leeds 065,Leeds 065B,-8,Does not apply,-8,Does not apply,0,790,235,29.746835443037973
E01011349,E02002394,Leeds 065,Leeds 065D,-8,Does not apply,-8,Does not apply,0,926,169,18.250539956803454
E01011348,E02002394,Leeds 065,Leeds 065C,-8,Does not apply,-8,Does not apply,0,681,174,25.550660792951543
E01011338,E02002393,Leeds 064,Leeds 064A,-8,Does not apply,-8,Does not apply,0,809,199,24.598269468479604
E01011339,E02002389,Leeds 060,Leeds 060A,-8,Does not apply,-8,Does not apply,0,863,194,22.479721900347624
E01011383,E02002348,Leeds 019,Leeds 019A,-8,Does not apply,-8,Does not apply,0,754,135,17.90450928381963
E01011388,E02002348,Leeds 019,Leeds 019B,-8,Does not apply,-8,Does not apply,0,732,109,14.890710382513662
E01032501,E02002346,Leeds 017,Leeds 017E,-8,Does not apply,-8,Does not apply,0,514,72,14.007782101167315
E01011385,E02002345,Leeds 016,Leeds 016C,-8,Does not apply,-8,Does not apply,0,535,84,15.700934579439252
E01011398,E02002406,Leeds 077,Leeds 077B,-8,Does not apply,-8,Does not apply,0,491,68,13.84928716904277
E01011400,E02002403,Leeds 074,Leeds 074C,-8,Does not apply,-8,Does not apply,0,604,88,14.56953642384106
E01011403,E02002403,Leeds 074,Leeds 074D,-8,Does not apply,-8,Does not apply,0,669,67,10.014947683109119
E01011399,E02002403,Leeds 074,Leeds 074B,-8,Does not apply,-8,Does not apply,0,622,107,17.20257234726688
E01011396,E02002403,Leeds 074,Leeds 074A,-8,Does not apply,-8,Does not apply,0,896,142,15.848214285714286
E01011402,E02002416,Leeds 087,Leeds 087D,-8,Does not apply,-8,Does not apply,0,884,126,14.253393665158372
E01011401,E02002406,Leeds 077,Leeds 077C,-8,Does not apply,-8,Does not apply,0,711,142,19.971870604781998
E01011404,E02002406,Leeds 077,Leeds 077D,-8,Does not apply,-8,Does not apply,0,544,111,20.404411764705884
E01011333,E02002380,Leeds 051,Leeds 051D,-8,Does not apply,-8,Does not apply,0,634,114,17.981072555205046
E01011341,E02002390,Leeds 061,Leeds 061A,-8,Does not apply,-8,Does not apply,0,873,218,24.971363115693013
E01011315,E02002419,Leeds 090,Leeds 090A,-8,Does not apply,-8,Does not apply,0,654,143,21.865443425076453
E01011321,E02002419,Leeds 090,Leeds 090D,-8,Does not apply,-8,Does not apply,0,663,176,26.546003016591253
E01011312,E02002415,Leeds 086,Leeds 086A,-8,Does not apply,-8,Does not apply,0,751,231,30.758988015978694
E01011314,E02002420,Leeds 091,Leeds 091B,-8,Does not apply,-8,Does not apply,0,675,136,20.14814814814815
E01011313,E02002420,Leeds 091,Leeds 091A,-8,Does not apply,-8,Does not apply,0,653,180,27.56508422664625
E01011322,E02002420,Leeds 091,Leeds 091E,-8,Does not apply,-8,Does not apply,0,685,155,22.62773722627737
E01011316,E02002415,Leeds 086,Leeds 086B,-8,Does not apply,-8,Does not apply,0,691,212,30.680173661360346
E01035040,E02002373,Leeds 044,Leeds 044G,-8,Does not apply,-8,Does not apply,0,531,22,4.143126177024482
E01032946,E02006861,Leeds 110,Leeds 110G,-8,Does not apply,-8,Does not apply,0,828,37,4.468599033816425
E01035041,E02002373,Leeds 044,Leeds 044H,-8,Does not apply,-8,Does not apply,0,446,26,5.829596412556054
E01011440,E02002373,Leeds 044,Leeds 044D,-8,Does not apply,-8,Does not apply,0,664,31,4.668674698795181
E01011435,E02002373,Leeds 044,Leeds 044A,-8,Does not apply,-8,Does not apply,0,607,17,2.800658978583196
E01011442,E02006861,Leeds 110,Leeds 110A,-8,Does not apply,-8,Does not apply,0,626,22,3.5143769968051117
E01011443,E02006861,Leeds 110,Leeds 110B,-8,Does not apply,-8,Does not apply,0,725,34,4.689655172413793
E01011441,E02002373,Leeds 044,Leeds 044E,-8,Does not apply,-8,Does not apply,0,693,56,8.080808080808081
E01011457,E02002356,Leeds 027,Leeds 027C,-8,Does not apply,-8,Does not apply,0,618,116,18.77022653721683
E01011458,E02002356,Leeds 027,Leeds 027D,-8,Does not apply,-8,Does not apply,0,1015,311,30.64039408866995
E01011456,E02002350,Leeds 021,Leeds 021B,-8,Does not apply,-8,Does not apply,0,674,145,21.513353115727003
E01011460,E02002357,Leeds 028,Leeds 028B,-8,Does not apply,-8,Does not apply,0,658,154,23.404255319148938
E01011461,E02002350,Leeds 021,Leeds 021D,-8,Does not apply,-8,Does not apply,0,613,131,21.37030995106036
E01011463,E02002357,Leeds 028,Leeds 028D,-8,Does not apply,-8,Does not apply,0,753,155,20.584329349269588
E01011462,E02002357,Leeds 028,Leeds 028C,-8,Does not apply,-8,Does not apply,0,726,153,21.074380165289256
E01011464,E02002357,Leeds 028,Leeds 028E,-8,Does not apply,-8,Does not apply,0,904,136,15.044247787610619
E01011465,E02002356,Leeds 027,Leeds 027E,-8,Does not apply,-8,Does not apply,0,837,167,19.95221027479092
E01011454,E02002356,Leeds 027,Leeds 027B,-8,Does not apply,-8,Does not apply,0,684,156,22.80701754385965
E01011452,E02002356,Leeds 027,Leeds 027A,-8,Does not apply,-8,Does not apply,0,661,137,20.726172465960666
E01011453,E02002357,Leeds 028,Leeds 028A,-8,Does not apply,-8,Does not apply,0,711,110,15.471167369901547
E01011455,E02002350,Leeds 021,Leeds 021A,-8,Does not apply,-8,Does not apply,0,478,101,21.12970711297071
E01011459,E02002350,Leeds 021,Leeds 021C,-8,Does not apply,-8,Does not apply,0,770,109,14.155844155844155
E01011408,E02002386,Leeds 057,Leeds 057C,-8,Does not apply,-8,Does not apply,0,768,82,10.677083333333334
E01011422,E02002377,Leeds 048,Leeds 048A,-8,Does not apply,-8,Does not apply,0,551,126,22.867513611615244
E01011405,E02002406,Leeds 077,Leeds 077E,-8,Does not apply,-8,Does not apply,0,665,83,12.481203007518797
E01011412,E02002386,Leeds 057,Leeds 057F,-8,Does not apply,-8,Does not apply,0,794,139,17.506297229219143
E01011416,E02002398,Leeds 069,Leeds 069C,-8,Does not apply,-8,Does not apply,0,615,118,19.1869918699187
E01011413,E02002398,Leeds 069,Leeds 069A,-8,Does not apply,-8,Does not apply,0,595,91,15.294117647058824
E01011414,E02002402,Leeds 073,Leeds 073B,-8,Does not apply,-8,Does not apply,0,645,111,17.209302325581394
E01011471,E02002421,Leeds 092,Leeds 092A,-8,Does not apply,-8,Does not apply,0,663,167,25.188536953242835
E01011415,E02002398,Leeds 069,Leeds 069B,-8,Does not apply,-8,Does not apply,0,732,121,16.530054644808743
E01011417,E02002398,Leeds 069,Leeds 069D,-8,Does not apply,-8,Does not apply,0,736,78,10.597826086956522
E01011411,E02002402,Leeds 073,Leeds 073A,-8,Does not apply,-8,Does not apply,0,734,134,18.256130790190735
E01011420,E02002398,Leeds 069,Leeds 069E,-8,Does not apply,-8,Does not apply,0,631,71,11.251980982567353
E01011418,E02002402,Leeds 073,Leeds 073C,-8,Does not apply,-8,Does not apply,0,624,95,15.224358974358974
E01011419,E02002402,Leeds 073,Leeds 073D,-8,Does not apply,-8,Does not apply,0,498,55,11.04417670682731
E01011407,E02002386,Leeds 057,Leeds 057B,-8,Does not apply,-8,Does not apply,0,662,97,14.652567975830816
E01011410,E02002386,Leeds 057,Leeds 057E,-8,Does not apply,-8,Does not apply,0,775,116,14.96774193548387
E01011423,E02002376,Leeds 047,Leeds 047A,-8,Does not apply,-8,Does not apply,0,607,174,28.665568369028005
E01011421,E02002369,Leeds 040,Leeds 040A,-8,Does not apply,-8,Does not apply,0,601,128,21.29783693843594
E01011425,E02002369,Leeds 040,Leeds 040B,-8,Does not apply,-8,Does not apply,0,604,132,21.85430463576159
E01011428,E02002377,Leeds 048,Leeds 048C,-8,Does not apply,-8,Does not apply,0,649,221,34.05238828967642
E01011427,E02002376,Leeds 047,Leeds 047C,-8,Does not apply,-8,Does not apply,0,583,203,34.81989708404803
E01011431,E02002376,Leeds 047,Leeds 047D,-8,Does not apply,-8,Does not apply,0,830,201,24.216867469879517
E01011432,E02002382,Leeds 053,Leeds 053B,-8,Does not apply,-8,Does not apply,0,565,177,31.327433628318584
E01011433,E02002382,Leeds 053,Leeds 053C,-8,Does not apply,-8,Does not apply,0,695,241,34.67625899280576
E01011444,E02006861,Leeds 110,Leeds 110C,-8,Does not apply,-8,Does not apply,0,626,33,5.271565495207668
E01011449,E02002383,Leeds 054,Leeds 054E,-8,Does not apply,-8,Does not apply,0,615,55,8.94308943089431
E01011447,E02002383,Leeds 054,Leeds 054C,-8,Does not apply,-8,Does not apply,0,432,26,6.018518518518518
E01011448,E02002383,Leeds 054,Leeds 054D,-8,Does not apply,-8,Does not apply,0,478,44,9.205020920502092
E01011450,E02002367,Leeds 038,Leeds 038D,-8,Does not apply,-8,Does not apply,0,519,101,19.460500963391137
E01011446,E02002383,Leeds 054,Leeds 054B,-8,Does not apply,-8,Does not apply,0,515,33,6.407766990291262
E01011445,E02002383,Leeds 054,Leeds 054A,-8,Does not apply,-8,Does not apply,0,474,19,4.008438818565401
E01011392,E02002416,Leeds 087,Leeds 087C,-8,Does not apply,-8,Does not apply,0,816,181,22.181372549019606
E01011451,E02006861,Leeds 110,Leeds 110D,-8,Does not apply,-8,Does not apply,0,524,45,8.587786259541986
E01011391,E02002416,Leeds 087,Leeds 087B,-8,Does not apply,-8,Does not apply,0,722,87,12.049861495844876
E01011390,E02002416,Leeds 087,Leeds 087A,-8,Does not apply,-8,Does not apply,0,602,95,15.780730897009967
E01011406,E02002386,Leeds 057,Leeds 057A,-8,Does not apply,-8,Does not apply,0,586,95,16.21160409556314
E01011409,E02002386,Leeds 057,Leeds 057D,-8,Does not apply,-8,Does not apply,0,660,82,12.424242424242424
E01011424,E02002376,Leeds 047,Leeds 047B,-8,Does not apply,-8,Does not apply,0,576,192,33.333333333333336
E01011426,E02002377,Leeds 048,Leeds 048B,-8,Does not apply,-8,Does not apply,0,502,166,33.06772908366534
E01011429,E02002377,Leeds 048,Leeds 048D,-8,Does not apply,-8,Does not apply,0,737,172,23.337856173677068
E01011430,E02002382,Leeds 053,Leeds 053A,-8,Does not apply,-8,Does not apply,0,486,185,38.065843621399175
E01011434,E02002382,Leeds 053,Leeds 053D,-8,Does not apply,-8,Does not apply,0,661,239,36.15733736762481
E01011394,E02002432,Leeds 103,Leeds 103D,-8,Does not apply,-8,Does not apply,0,495,76,15.353535353535353
E01011395,E02002432,Leeds 103,Leeds 103E,-8,Does not apply,-8,Does not apply,0,462,95,20.562770562770563
E01011393,E02002432,Leeds 103,Leeds 103C,-8,Does not apply,-8,Does not apply,0,907,190,20.948180815876515
E01011397,E02002406,Leeds 077,Leeds 077A,-8,Does not apply,-8,Does not apply,0,609,111,18.226600985221676
E01011470,E02006876,Leeds 112,Leeds 112C,-8,Does not apply,-8,Does not apply,0,597,105,17.587939698492463
E01011472,E02002421,Leeds 092,Leeds 092B,-8,Does not apply,-8,Does not apply,0,717,145,20.2231520223152
E01011473,E02002421,Leeds 092,Leeds 092C,-8,Does not apply,-8,Does not apply,0,614,176,28.664495114006513
E01011474,E02002421,Leeds 092,Leeds 092D,-8,Does not apply,-8,Does not apply,0,654,162,24.770642201834864
E01011475,E02002423,Leeds 094,Leeds 094C,-8,Does not apply,-8,Does not apply,0,702,175,24.928774928774928
E01011466,E02002423,Leeds 094,Leeds 094A,-8,Does not apply,-8,Does not apply,0,640,123,19.21875
E01011467,E02006876,Leeds 112,Leeds 112A,-8,Does not apply,-8,Does not apply,0,813,182,22.386223862238623
E01011468,E02006876,Leeds 112,Leeds 112B,-8,Does not apply,-8,Does not apply,0,919,189,20.5658324265506
E01011469,E02002423,Leeds 094,Leeds 094B,-8,Does not apply,-8,Does not apply,0,630,108,17.142857142857142
E01011476,E02002423,Leeds 094,Leeds 094D,-8,Does not apply,-8,Does not apply,0,491,129,26.272912423625254
E01011482,E02002385,Leeds 056,Leeds 056D,-8,Does not apply,-8,Does not apply,0,873,79,9.049255441008018
E01011483,E02002385,Leeds 056,Leeds 056E,-8,Does not apply,-8,Does not apply,0,699,77,11.015736766809729
E01032494,E02002362,Leeds 033,Leeds 033G,-8,Does not apply,-8,Does not apply,0,722,149,20.63711911357341
E01011485,E02002362,Leeds 033,Leeds 033B,-8,Does not apply,-8,Does not apply,0,763,154,20.18348623853211
E01011489,E02002374,Leeds 045,Leeds 045D,-8,Does not apply,-8,Does not apply,0,863,146,16.917728852838934
E01011535,E02002437,Leeds 108,Leeds 108A,-8,Does not apply,-8,Does not apply,0,691,113,16.35311143270622
E01011537,E02002436,Leeds 107,Leeds 107A,-8,Does not apply,-8,Does not apply,0,962,128,13.305613305613306
E01011548,E02002435,Leeds 106,Leeds 106D,-8,Does not apply,-8,Does not apply,0,642,116,18.068535825545172
E01011536,E02002437,Leeds 108,Leeds 108B,-8,Does not apply,-8,Does not apply,0,708,107,15.112994350282486
E01011538,E02002436,Leeds 107,Leeds 107B,-8,Does not apply,-8,Does not apply,0,686,125,18.221574344023324
E01011553,E02002437,Leeds 108,Leeds 108D,-8,Does not apply,-8,Does not apply,0,606,97,16.006600660066006
E01011549,E02002437,Leeds 108,Leeds 108C,-8,Does not apply,-8,Does not apply,0,518,95,18.33976833976834
E01011540,E02002431,Leeds 102,Leeds 102B,-8,Does not apply,-8,Does not apply,0,875,206,23.542857142857144
E01032492,E02002431,Leeds 102,Leeds 102I,-8,Does not apply,-8,Does not apply,0,1066,151,14.165103189493433
E01032491,E02002431,Leeds 102,Leeds 102H,-8,Does not apply,-8,Does not apply,0,491,89,18.126272912423627
E01011545,E02002433,Leeds 104,Leeds 104C,-8,Does not apply,-8,Does not apply,0,660,98,14.848484848484848
E01011477,E02002374,Leeds 045,Leeds 045A,-8,Does not apply,-8,Does not apply,0,916,134,14.62882096069869
E01011547,E02002433,Leeds 104,Leeds 104D,-8,Does not apply,-8,Does not apply,0,934,152,16.27408993576017
E01011546,E02002435,Leeds 106,Leeds 106C,-8,Does not apply,-8,Does not apply,0,785,144,18.343949044585987
E01032490,E02002431,Leeds 102,Leeds 102G,-8,Does not apply,-8,Does not apply,0,579,99,17.098445595854923
E01011541,E02002433,Leeds 104,Leeds 104B,-8,Does not apply,-8,Does not apply,0,1188,101,8.501683501683502
E01011550,E02002435,Leeds 106,Leeds 106E,-8,Does not apply,-8,Does not apply,0,560,93,16.607142857142858
E01032489,E02002431,Leeds 102,Leeds 102F,-8,Does not apply,-8,Does not apply,0,983,182,18.514750762970497
E01011507,E02002354,Leeds 025,Leeds 025C,-8,Does not apply,-8,Does not apply,0,665,149,22.406015037593985
E01011480,E02002374,Leeds 045,Leeds 045B,-8,Does not apply,-8,Does not apply,0,649,98,15.10015408320493
E01011479,E02002385,Leeds 056,Leeds 056B,-8,Does not apply,-8,Does not apply,0,618,22,3.559870550161812
E01011478,E02002385,Leeds 056,Leeds 056A,-8,Does not apply,-8,Does not apply,0,804,69,8.582089552238806
E01011481,E02002385,Leeds 056,Leeds 056C,-8,Does not apply,-8,Does not apply,0,710,84,11.830985915492958
E01011484,E02002362,Leeds 033,Leeds 033A,-8,Does not apply,-8,Does not apply,0,672,152,22.61904761904762
E01032493,E02002362,Leeds 033,Leeds 033F,-8,Does not apply,-8,Does not apply,0,642,87,13.551401869158878
E01011488,E02002374,Leeds 045,Leeds 045C,-8,Does not apply,-8,Does not apply,0,701,97,13.837375178316691
E01011492,E02002430,Leeds 101,Leeds 101B,-8,Does not apply,-8,Does not apply,0,667,216,32.38380809595203
E01011522,E02002424,Leeds 095,Leeds 095B,-8,Does not apply,-8,Does not apply,0,591,100,16.920473773265652
E01011528,E02002424,Leeds 095,Leeds 095D,-8,Does not apply,-8,Does not apply,0,620,120,19.35483870967742
E01011493,E02002430,Leeds 101,Leeds 101C,-8,Does not apply,-8,Does not apply,0,663,183,27.601809954751133
E01032496,E02002434,Leeds 105,Leeds 105F,-8,Does not apply,-8,Does not apply,0,953,184,19.307450157397692
E01011497,E02002430,Leeds 101,Leeds 101E,-8,Does not apply,-8,Does not apply,0,681,221,32.452276064610864
E01035051,E02002434,Leeds 105,Leeds 105H,-8,Does not apply,-8,Does not apply,0,601,161,26.788685524126457
E01035052,E02002434,Leeds 105,Leeds 105I,-8,Does not apply,-8,Does not apply,0,594,148,24.915824915824917
E01035050,E02002434,Leeds 105,Leeds 105G,-8,Does not apply,-8,Does not apply,0,614,200,32.57328990228013
E01035053,E02002434,Leeds 105,Leeds 105J,-8,Does not apply,-8,Does not apply,0,657,188,28.614916286149164
E01011500,E02002434,Leeds 105,Leeds 105D,-8,Does not apply,-8,Does not apply,0,688,100,14.534883720930232
E01011515,E02002352,Leeds 023,Leeds 023D,-8,Does not apply,-8,Does not apply,0,662,113,17.069486404833835
E01011506,E02002354,Leeds 025,Leeds 025B,-8,Does not apply,-8,Does not apply,0,520,136,26.153846153846153
E01011517,E02002353,Leeds 024,Leeds 024B,-8,Does not apply,-8,Does not apply,0,748,154,20.58823529411765
E01011516,E02002352,Leeds 023,Leeds 023E,-8,Does not apply,-8,Does not apply,0,663,154,23.227752639517345
E01011504,E02002361,Leeds 032,Leeds 032A,-8,Does not apply,-8,Does not apply,0,752,180,23.93617021276596
E01011509,E02002352,Leeds 023,Leeds 023A,-8,Does not apply,-8,Does not apply,0,644,109,16.925465838509318
E01011511,E02002352,Leeds 023,Leeds 023B,-8,Does not apply,-8,Does not apply,0,540,115,21.296296296296298
E01011514,E02002354,Leeds 025,Leeds 025E,-8,Does not apply,-8,Does not apply,0,645,155,24.031007751937985
E01011513,E02002360,Leeds 031,Leeds 031A,-8,Does not apply,-8,Does not apply,0,966,210,21.73913043478261
E01011505,E02002354,Leeds 025,Leeds 025A,-8,Does not apply,-8,Does not apply,0,652,170,26.073619631901842
E01011521,E02002425,Leeds 096,Leeds 096B,-8,Does not apply,-8,Does not apply,0,994,169,17.002012072434606
E01011523,E02002425,Leeds 096,Leeds 096C,-8,Does not apply,-8,Does not apply,0,816,165,20.220588235294116
E01011529,E02002425,Leeds 096,Leeds 096E,-8,Does not apply,-8,Does not apply,0,587,105,17.88756388415673
E01011527,E02002425,Leeds 096,Leeds 096D,-8,Does not apply,-8,Does not apply,0,770,99,12.857142857142858
E01011531,E02002422,Leeds 093,Leeds 093D,-8,Does not apply,-8,Does not apply,0,770,119,15.454545454545455
E01011532,E02002424,Leeds 095,Leeds 095E,-8,Does not apply,-8,Does not apply,0,710,135,19.014084507042252
E01011525,E02002424,Leeds 095,Leeds 095C,-8,Does not apply,-8,Does not apply,0,698,138,19.770773638968482
E01011533,E02002433,Leeds 104,Leeds 104A,-8,Does not apply,-8,Does not apply,0,748,113,15.106951871657754
E01011534,E02002435,Leeds 106,Leeds 106B,-8,Does not apply,-8,Does not apply,0,1020,277,27.15686274509804
E01011530,E02002435,Leeds 106,Leeds 106A,-8,Does not apply,-8,Does not apply,0,636,87,13.679245283018869
E01011518,E02002422,Leeds 093,Leeds 093A,-8,Does not apply,-8,Does not apply,0,1000,183,18.3
E01011524,E02002422,Leeds 093,Leeds 093B,-8,Does not apply,-8,Does not apply,0,553,72,13.019891500904158
E01011526,E02002422,Leeds 093,Leeds 093C,-8,Does not apply,-8,Does not apply,0,492,100,20.32520325203252
E01011551,E02002436,Leeds 107,Leeds 107C,-8,Does not apply,-8,Does not apply,0,731,163,22.298221614227085
E01011552,E02002436,Leeds 107,Leeds 107D,-8,Does not apply,-8,Does not apply,0,598,130,21.73913043478261
E01011557,E02002344,Leeds 015,Leeds 015B,-8,Does not apply,-8,Does not apply,0,611,102,16.693944353518823
E01011558,E02002347,Leeds 018,Leeds 018B,-8,Does not apply,-8,Does not apply,0,735,217,29.523809523809526
E01011555,E02002347,Leeds 018,Leeds 018A,-8,Does not apply,-8,Does not apply,0,567,108,19.047619047619047
E01011560,E02002347,Leeds 018,Leeds 018D,-8,Does not apply,-8,Does not apply,0,867,211,24.33679354094579
E01011559,E02002347,Leeds 018,Leeds 018C,-8,Does not apply,-8,Does not apply,0,592,159,26.85810810810811
E01011554,E02002341,Leeds 012,Leeds 012A,-8,Does not apply,-8,Does not apply,0,588,112,19.047619047619047
E01011565,E02002344,Leeds 015,Leeds 015C,-8,Does not apply,-8,Does not apply,0,597,127,21.273031825795645
E01011563,E02002341,Leeds 012,Leeds 012C,-8,Does not apply,-8,Does not apply,0,613,88,14.35562805872757
E01011567,E02002341,Leeds 012,Leeds 012E,-8,Does not apply,-8,Does not apply,0,559,129,23.076923076923077
E01011568,E02002344,Leeds 015,Leeds 015E,-8,Does not apply,-8,Does not apply,0,908,164,18.061674008810574
E01011556,E02002344,Leeds 015,Leeds 015A,-8,Does not apply,-8,Does not apply,0,791,129,16.308470290771176
E01011508,E02002353,Leeds 024,Leeds 024A,-8,Does not apply,-8,Does not apply,0,474,123,25.949367088607595
E01011512,E02002352,Leeds 023,Leeds 023C,-8,Does not apply,-8,Does not apply,0,721,153,21.220527045769764
E01011510,E02002354,Leeds 025,Leeds 025D,-8,Does not apply,-8,Does not apply,0,837,111,13.261648745519713
E01011519,E02002424,Leeds 095,Leeds 095A,-8,Does not apply,-8,Does not apply,0,679,125,18.40942562592047
E01011520,E02002425,Leeds 096,Leeds 096A,-8,Does not apply,-8,Does not apply,0,672,102,15.178571428571429
E01011491,E02002430,Leeds 101,Leeds 101A,-8,Does not apply,-8,Does not apply,0,606,157,25.90759075907591
E01011502,E02002428,Leeds 099,Leeds 099C,-8,Does not apply,-8,Does not apply,0,584,114,19.52054794520548
E01032497,E02002428,Leeds 099,Leeds 099E,-8,Does not apply,-8,Does not apply,0,635,175,27.559055118110237
E01032498,E02002428,Leeds 099,Leeds 099F,-8,Does not apply,-8,Does not apply,0,720,126,17.5
E01011496,E02002429,Leeds 100,Leeds 100A,-8,Does not apply,-8,Does not apply,0,610,126,20.65573770491803
E01011494,E02002430,Leeds 101,Leeds 101D,-8,Does not apply,-8,Does not apply,0,628,196,31.21019108280255
E01035048,E02002428,Leeds 099,Leeds 099G,-8,Does not apply,-8,Does not apply,0,781,201,25.736235595390525
E01035049,E02002428,Leeds 099,Leeds 099H,-8,Does not apply,-8,Does not apply,0,694,144,20.7492795389049
E01011626,E02002404,Leeds 075,Leeds 075D,-8,Does not apply,-8,Does not apply,0,1172,226,19.283276450511945
E01011624,E02002401,Leeds 072,Leeds 072D,-8,Does not apply,-8,Does not apply,0,722,205,28.393351800554015
E01011625,E02002404,Leeds 075,Leeds 075C,-8,Does not apply,-8,Does not apply,0,735,204,27.755102040816325
E01011617,E02002399,Leeds 070,Leeds 070B,-8,Does not apply,-8,Does not apply,0,676,150,22.189349112426036
E01011616,E02002401,Leeds 072,Leeds 072A,-8,Does not apply,-8,Does not apply,0,696,156,22.413793103448278
E01011622,E02002401,Leeds 072,Leeds 072C,-8,Does not apply,-8,Does not apply,0,703,202,28.733997155049785
E01011615,E02002399,Leeds 070,Leeds 070A,-8,Does not apply,-8,Does not apply,0,650,141,21.692307692307693
E01011618,E02002399,Leeds 070,Leeds 070C,-8,Does not apply,-8,Does not apply,0,708,172,24.293785310734464
E01011637,E02002426,Leeds 097,Leeds 097C,-8,Does not apply,-8,Does not apply,0,726,125,17.21763085399449
E01032487,E02002426,Leeds 097,Leeds 097F,-8,Does not apply,-8,Does not apply,0,457,92,20.13129102844639
E01011628,E02002427,Leeds 098,Leeds 098B,-8,Does not apply,-8,Does not apply,0,582,69,11.855670103092784
E01032488,E02002426,Leeds 097,Leeds 097G,-8,Does not apply,-8,Does not apply,0,759,130,17.127799736495387
E01011635,E02002426,Leeds 097,Leeds 097B,-8,Does not apply,-8,Does not apply,0,775,134,17.29032258064516
E01011633,E02002427,Leeds 098,Leeds 098E,-8,Does not apply,-8,Does not apply,0,637,99,15.54160125588697
E01011639,E02002429,Leeds 100,Leeds 100E,-8,Does not apply,-8,Does not apply,0,636,109,17.138364779874212
E01011638,E02002426,Leeds 097,Leeds 097D,-8,Does not apply,-8,Does not apply,0,620,86,13.870967741935484
E01011627,E02002427,Leeds 098,Leeds 098A,-8,Does not apply,-8,Does not apply,0,587,127,21.63543441226576
E01011630,E02002429,Leeds 100,Leeds 100B,-8,Does not apply,-8,Does not apply,0,892,161,18.04932735426009
E01011629,E02002427,Leeds 098,Leeds 098C,-8,Does not apply,-8,Does not apply,0,622,106,17.041800643086816
E01011636,E02002429,Leeds 100,Leeds 100D,-8,Does not apply,-8,Does not apply,0,840,157,18.69047619047619
E01011634,E02002429,Leeds 100,Leeds 100C,-8,Does not apply,-8,Does not apply,0,679,129,18.998527245949926
E01011613,E02002405,Leeds 076,Leeds 076E,-8,Does not apply,-8,Does not apply,0,692,195,28.179190751445088
E01011608,E02002397,Leeds 068,Leeds 068A,-8,Does not apply,-8,Does not apply,0,595,108,18.15126050420168
E01011581,E02002332,Leeds 003,Leeds 003A,-8,Does not apply,-8,Does not apply,0,731,115,15.73187414500684
E01011578,E02002340,Leeds 011,Leeds 011D,-8,Does not apply,-8,Does not apply,0,621,93,14.97584541062802
E01011598,E02002391,Leeds 062,Leeds 062E,-8,Does not apply,-8,Does not apply,0,756,105,13.88888888888889
E01011564,E02002341,Leeds 012,Leeds 012D,-8,Does not apply,-8,Does not apply,0,606,124,20.462046204620464
E01011566,E02002344,Leeds 015,Leeds 015D,-8,Does not apply,-8,Does not apply,0,559,121,21.645796064400717
E01011561,E02002335,Leeds 006,Leeds 006A,-8,Does not apply,-8,Does not apply,0,525,84,16
E01011562,E02002341,Leeds 012,Leeds 012B,-8,Does not apply,-8,Does not apply,0,626,103,16.45367412140575
E01011579,E02002343,Leeds 014,Leeds 014C,-8,Does not apply,-8,Does not apply,0,518,131,25.28957528957529
E01011580,E02002343,Leeds 014,Leeds 014D,-8,Does not apply,-8,Does not apply,0,620,84,13.548387096774194
E01011602,E02002405,Leeds 076,Leeds 076A,-8,Does not apply,-8,Does not apply,0,907,152,16.758544652701215
E01011614,E02002397,Leeds 068,Leeds 068E,-8,Does not apply,-8,Does not apply,0,853,104,12.192262602579133
E01011612,E02002408,Leeds 079,Leeds 079E,-8,Does not apply,-8,Does not apply,0,743,67,9.01749663526245
E01011600,E02002408,Leeds 079,Leeds 079A,-8,Does not apply,-8,Does not apply,0,690,91,13.18840579710145
E01011605,E02002405,Leeds 076,Leeds 076C,-8,Does not apply,-8,Does not apply,0,718,142,19.77715877437326
E01011623,E02002404,Leeds 075,Leeds 075B,-8,Does not apply,-8,Does not apply,0,702,199,28.34757834757835
E01011620,E02002401,Leeds 072,Leeds 072B,-8,Does not apply,-8,Does not apply,0,499,155,31.062124248496993
E01011621,E02002399,Leeds 070,Leeds 070D,-8,Does not apply,-8,Does not apply,0,596,165,27.684563758389263
E01033021,E02002404,Leeds 075,Leeds 075E,-8,Does not apply,-8,Does not apply,0,1079,125,11.584800741427248
E01011609,E02002397,Leeds 068,Leeds 068B,-8,Does not apply,-8,Does not apply,0,662,121,18.277945619335348
E01011611,E02002397,Leeds 068,Leeds 068D,-8,Does not apply,-8,Does not apply,0,618,153,24.75728155339806
E01011610,E02002397,Leeds 068,Leeds 068C,-8,Does not apply,-8,Does not apply,0,697,104,14.921090387374463
E01011606,E02002405,Leeds 076,Leeds 076D,-8,Does not apply,-8,Does not apply,0,765,186,24.313725490196077
E01011604,E02002408,Leeds 079,Leeds 079C,-8,Does not apply,-8,Does not apply,0,622,106,17.041800643086816
E01011601,E02002408,Leeds 079,Leeds 079B,-8,Does not apply,-8,Does not apply,0,666,144,21.62162162162162
E01011603,E02002405,Leeds 076,Leeds 076B,-8,Does not apply,-8,Does not apply,0,708,113,15.96045197740113
E01011607,E02002408,Leeds 079,Leeds 079D,-8,Does not apply,-8,Does not apply,0,711,158,22.22222222222222
E01011582,E02002332,Leeds 003,Leeds 003B,-8,Does not apply,-8,Does not apply,0,742,125,16.846361185983827
E01011583,E02002332,Leeds 003,Leeds 003C,-8,Does not apply,-8,Does not apply,0,648,123,18.98148148148148
E01011570,E02002336,Leeds 007,Leeds 007A,-8,Does not apply,-8,Does not apply,0,962,170,17.671517671517673
E01011591,E02002381,Leeds 052,Leeds 052D,-8,Does not apply,-8,Does not apply,0,835,118,14.131736526946108
E01011593,E02002368,Leeds 039,Leeds 039E,-8,Does not apply,-8,Does not apply,0,851,158,18.566392479435958
E01011592,E02002368,Leeds 039,Leeds 039D,-8,Does not apply,-8,Does not apply,0,792,125,15.782828282828282
E01011596,E02002391,Leeds 062,Leeds 062D,-8,Does not apply,-8,Does not apply,0,780,123,15.76923076923077
E01011595,E02002395,Leeds 066,Leeds 066B,-8,Does not apply,-8,Does not apply,0,806,154,19.106699751861044
E01011594,E02002391,Leeds 062,Leeds 062C,-8,Does not apply,-8,Does not apply,0,630,152,24.126984126984127
E01011597,E02002395,Leeds 066,Leeds 066C,-8,Does not apply,-8,Does not apply,0,561,153,27.272727272727273
E01011585,E02002391,Leeds 062,Leeds 062A,-8,Does not apply,-8,Does not apply,0,675,107,15.851851851851851
E01011586,E02002395,Leeds 066,Leeds 066A,-8,Does not apply,-8,Does not apply,0,697,171,24.53371592539455
E01011589,E02002368,Leeds 039,Leeds 039B,-8,Does not apply,-8,Does not apply,0,700,149,21.285714285714285
E01011590,E02002368,Leeds 039,Leeds 039C,-8,Does not apply,-8,Does not apply,0,662,141,21.299093655589125
E01011588,E02002368,Leeds 039,Leeds 039A,-8,Does not apply,-8,Does not apply,0,708,174,24.576271186440678
E01011599,E02002395,Leeds 066,Leeds 066D,-8,Does not apply,-8,Does not apply,0,706,143,20.254957507082153
E01011587,E02002391,Leeds 062,Leeds 062B,-8,Does not apply,-8,Does not apply,0,795,161,20.251572327044027
E01011632,E02002427,Leeds 098,Leeds 098D,-8,Does not apply,-8,Does not apply,0,599,151,25.208681135225376
E01011644,E02002366,Leeds 037,Leeds 037B,-8,Does not apply,-8,Does not apply,0,556,119,21.402877697841728
E01011641,E02002361,Leeds 032,Leeds 032B,-8,Does not apply,-8,Does not apply,0,617,138,22.366288492706644
E01011643,E02002366,Leeds 037,Leeds 037A,-8,Does not apply,-8,Does not apply,0,630,126,20
E01011646,E02002366,Leeds 037,Leeds 037C,-8,Does not apply,-8,Does not apply,0,649,133,20.49306625577812
E01011648,E02002366,Leeds 037,Leeds 037E,-8,Does not apply,-8,Does not apply,0,576,139,24.131944444444443
E01011651,E02002349,Leeds 020,Leeds 020B,-8,Does not apply,-8,Does not apply,0,634,146,23.028391167192428
E01011652,E02002353,Leeds 024,Leeds 024C,-8,Does not apply,-8,Does not apply,0,566,117,20.671378091872793
E01011650,E02002349,Leeds 020,Leeds 020A,-8,Does not apply,-8,Does not apply,0,603,137,22.71973466003317
E01011576,E02002336,Leeds 007,Leeds 007C,-8,Does not apply,-8,Does not apply,0,581,111,19.10499139414802
E01032503,E02002336,Leeds 007,Leeds 007E,-8,Does not apply,-8,Does not apply,0,611,87,14.238952536824877
E01032504,E02002336,Leeds 007,Leeds 007F,-8,Does not apply,-8,Does not apply,0,747,131,17.536813922356092
E01011572,E02002333,Leeds 004,Leeds 004C,-8,Does not apply,-8,Does not apply,0,829,119,14.354644149577805
E01011569,E02002333,Leeds 004,Leeds 004A,-8,Does not apply,-8,Does not apply,0,895,99,11.061452513966481
E01011574,E02002333,Leeds 004,Leeds 004E,-8,Does not apply,-8,Does not apply,0,700,73,10.428571428571429
E01011571,E02002333,Leeds 004,Leeds 004B,-8,Does not apply,-8,Does not apply,0,754,96,12.73209549071618
E01011573,E02002333,Leeds 004,Leeds 004D,-8,Does not apply,-8,Does not apply,0,543,101,18.60036832412523
E01011584,E02002332,Leeds 003,Leeds 003D,-8,Does not apply,-8,Does not apply,0,764,135,17.670157068062828
E01011653,E02002349,Leeds 020,Leeds 020C,-8,Does not apply,-8,Does not apply,0,631,100,15.847860538827259
E01011654,E02002353,Leeds 024,Leeds 024D,-8,Does not apply,-8,Does not apply,0,536,152,28.35820895522388
E01011655,E02002349,Leeds 020,Leeds 020D,-8,Does not apply,-8,Does not apply,0,723,90,12.448132780082988
E01011642,E02002361,Leeds 032,Leeds 032C,-8,Does not apply,-8,Does not apply,0,490,130,26.53061224489796
E01011645,E02002361,Leeds 032,Leeds 032D,-8,Does not apply,-8,Does not apply,0,619,112,18.093699515347335
E01011647,E02002366,Leeds 037,Leeds 037D,-8,Does not apply,-8,Does not apply,0,542,161,29.70479704797048
E01011700,E02002331,Leeds 002,Leeds 002B,-8,Does not apply,-8,Does not apply,0,603,82,13.598673300165837
E01011671,E02002384,Leeds 055,Leeds 055B,-8,Does not apply,-8,Does not apply,0,638,166,26.018808777429467
E01011713,E02002335,Leeds 006,Leeds 006E,-8,Does not apply,-8,Does not apply,0,709,142,20.02820874471086
E01011649,E02002351,Leeds 022,Leeds 022B,-8,Does not apply,-8,Does not apply,0,656,122,18.597560975609756
E01011690,E02006852,Leeds 109,Leeds 109C,-8,Does not apply,-8,Does not apply,0,661,64,9.68229954614221
E01011660,E02002369,Leeds 040,Leeds 040D,-8,Does not apply,-8,Does not apply,0,759,196,25.823451910408433
E01011717,E02002358,Leeds 029,Leeds 029C,-8,Does not apply,-8,Does not apply,0,724,135,18.646408839779006
E01011701,E02002330,Leeds 001,Leeds 001C,-8,Does not apply,-8,Does not apply,0,596,92,15.436241610738255
E01011702,E02002330,Leeds 001,Leeds 001D,-8,Does not apply,-8,Does not apply,0,664,124,18.674698795180724
E01011704,E02002331,Leeds 002,Leeds 002C,-8,Does not apply,-8,Does not apply,0,1144,146,12.762237762237762
E01011705,E02002331,Leeds 002,Leeds 002D,-8,Does not apply,-8,Does not apply,0,642,92,14.330218068535826
E01011699,E02002330,Leeds 001,Leeds 001B,-8,Does not apply,-8,Does not apply,0,574,86,14.982578397212544
E01011698,E02002330,Leeds 001,Leeds 001A,-8,Does not apply,-8,Does not apply,0,635,98,15.433070866141732
E01011703,E02002330,Leeds 001,Leeds 001E,-8,Does not apply,-8,Does not apply,0,568,50,8.80281690140845
E01011721,E02002370,Leeds 041,Leeds 041A,-8,Does not apply,-8,Does not apply,0,616,165,26.785714285714285
E01011720,E02002358,Leeds 029,Leeds 029E,-8,Does not apply,-8,Does not apply,0,691,128,18.523878437047756
E01011723,E02002370,Leeds 041,Leeds 041C,-8,Does not apply,-8,Does not apply,0,709,180,25.38787023977433
E01011722,E02002370,Leeds 041,Leeds 041B,-8,Does not apply,-8,Does not apply,0,908,232,25.550660792951543
E01011724,E02002370,Leeds 041,Leeds 041D,-8,Does not apply,-8,Does not apply,0,841,173,20.57074910820452
E01011716,E02002358,Leeds 029,Leeds 029B,-8,Does not apply,-8,Does not apply,0,621,137,22.061191626409016
E01011718,E02002358,Leeds 029,Leeds 029D,-8,Does not apply,-8,Does not apply,0,824,195,23.66504854368932
E01011714,E02002358,Leeds 029,Leeds 029A,-8,Does not apply,-8,Does not apply,0,769,172,22.3667100130039
E01011681,E02002392,Leeds 063,Leeds 063D,-8,Does not apply,-8,Does not apply,0,643,83,12.908242612752721
E01011673,E02002393,Leeds 064,Leeds 064B,-8,Does not apply,-8,Does not apply,0,784,232,29.591836734693878
E01035043,E02002384,Leeds 055,Leeds 055J,-8,Does not apply,-8,Does not apply,0,436,43,9.862385321100918
E01011677,E02002393,Leeds 064,Leeds 064D,-8,Does not apply,-8,Does not apply,0,786,163,20.737913486005088
E01035044,E02002392,Leeds 063,Leeds 063F,-8,Does not apply,-8,Does not apply,0,650,26,4
E01033002,E02002384,Leeds 055,Leeds 055F,-8,Does not apply,-8,Does not apply,0,1015,221,21.773399014778324
E01033003,E02002384,Leeds 055,Leeds 055G,-8,Does not apply,-8,Does not apply,0,1180,280,23.728813559322035
E01033031,E02002393,Leeds 064,Leeds 064E,-8,Does not apply,-8,Does not apply,0,871,119,13.662456946039036
E01033035,E02002393,Leeds 064,Leeds 064F,-8,Does not apply,-8,Does not apply,0,770,237,30.77922077922078
E01011678,E02002392,Leeds 063,Leeds 063B,-8,Does not apply,-8,Does not apply,0,858,57,6.643356643356643
E01011689,E02002360,Leeds 031,Leeds 031C,-8,Does not apply,-8,Does not apply,0,800,112,14
E01011688,E02002360,Leeds 031,Leeds 031B,-8,Does not apply,-8,Does not apply,0,606,138,22.77227722772277
E01011691,E02002360,Leeds 031,Leeds 031D,-8,Does not apply,-8,Does not apply,0,687,92,13.39155749636099
E01011693,E02006852,Leeds 109,Leeds 109E,-8,Does not apply,-8,Does not apply,0,761,76,9.986859395532194
E01011694,E02006852,Leeds 109,Leeds 109F,-8,Does not apply,-8,Does not apply,0,731,106,14.500683994528044
E01032876,E02006852,Leeds 109,Leeds 109G,-8,Does not apply,-8,Does not apply,0,624,141,22.596153846153847
E01011684,E02002348,Leeds 019,Leeds 019C,-8,Does not apply,-8,Does not apply,0,650,127,19.53846153846154
E01011687,E02006852,Leeds 109,Leeds 109B,-8,Does not apply,-8,Does not apply,0,587,117,19.931856899488928
E01011686,E02002362,Leeds 033,Leeds 033E,-8,Does not apply,-8,Does not apply,0,803,120,14.9439601494396
E01011685,E02006852,Leeds 109,Leeds 109A,-8,Does not apply,-8,Does not apply,0,849,140,16.489988221436985
E01011696,E02002335,Leeds 006,Leeds 006B,-8,Does not apply,-8,Does not apply,0,653,109,16.69218989280245
E01011708,E02002335,Leeds 006,Leeds 006D,-8,Does not apply,-8,Does not apply,0,629,112,17.8060413354531
E01011709,E02002334,Leeds 005,Leeds 005B,-8,Does not apply,-8,Does not apply,0,840,169,20.11904761904762
E01011711,E02002334,Leeds 005,Leeds 005D,-8,Does not apply,-8,Does not apply,0,658,78,11.854103343465045
E01011707,E02002334,Leeds 005,Leeds 005A,-8,Does not apply,-8,Does not apply,0,597,74,12.39530988274707
E01011697,E02002331,Leeds 002,Leeds 002A,-8,Does not apply,-8,Does not apply,0,687,114,16.593886462882097
E01011710,E02002334,Leeds 005,Leeds 005C,-8,Does not apply,-8,Does not apply,0,630,111,17.61904761904762
E01011712,E02002334,Leeds 005,Leeds 005E,-8,Does not apply,-8,Does not apply,0,613,108,17.61827079934747
E01011706,E02002335,Leeds 006,Leeds 006C,-8,Does not apply,-8,Does not apply,0,615,105,17.073170731707318
E01011662,E02002369,Leeds 040,Leeds 040E,-8,Does not apply,-8,Does not apply,0,519,139,26.782273603082853
E01011665,E02002379,Leeds 050,Leeds 050C,-8,Does not apply,-8,Does not apply,0,643,116,18.040435458786938
E01011663,E02002379,Leeds 050,Leeds 050A,-8,Does not apply,-8,Does not apply,0,589,223,37.86078098471987
E01011667,E02002379,Leeds 050,Leeds 050D,-8,Does not apply,-8,Does not apply,0,547,195,35.64899451553931
E01011666,E02002390,Leeds 061,Leeds 061D,-8,Does not apply,-8,Does not apply,0,597,81,13.5678391959799
E01011656,E02002364,Leeds 035,Leeds 035A,-8,Does not apply,-8,Does not apply,0,639,165,25.821596244131456
E01011657,E02002364,Leeds 035,Leeds 035B,-8,Does not apply,-8,Does not apply,0,600,113,18.833333333333332
E01011658,E02002369,Leeds 040,Leeds 040C,-8,Does not apply,-8,Does not apply,0,751,192,25.565912117177096
E01011659,E02002364,Leeds 035,Leeds 035C,-8,Does not apply,-8,Does not apply,0,665,139,20.902255639097746
E01011661,E02002364,Leeds 035,Leeds 035D,-8,Does not apply,-8,Does not apply,0,878,120,13.66742596810934
E01011692,E02006852,Leeds 109,Leeds 109D,-8,Does not apply,-8,Does not apply,0,718,83,11.559888579387186
E01011695,E02002348,Leeds 019,Leeds 019D,-8,Does not apply,-8,Does not apply,0,729,161,22.08504801097394
E01011664,E02002379,Leeds 050,Leeds 050B,-8,Does not apply,-8,Does not apply,0,578,122,21.10726643598616
E01011668,E02006861,Leeds 110,Leeds 110E,-8,Does not apply,-8,Does not apply,0,597,43,7.202680067001675
E01011669,E02006861,Leeds 110,Leeds 110F,-8,Does not apply,-8,Does not apply,0,523,59,11.281070745697896
E01011670,E02002384,Leeds 055,Leeds 055A,-8,Does not apply,-8,Does not apply,0,781,166,21.254801536491676
E01035045,E02002392,Leeds 063,Leeds 063G,-8,Does not apply,-8,Does not apply,0,621,31,4.99194847020934
E01035042,E02002384,Leeds 055,Leeds 055I,-8,Does not apply,-8,Does not apply,0,467,57,12.205567451820128
E01011715,E02002351,Leeds 022,Leeds 022C,-8,Does not apply,-8,Does not apply,0,580,91,15.689655172413794
E01011719,E02002351,Leeds 022,Leeds 022D,-8,Does not apply,-8,Does not apply,0,631,85,13.47068145800317
E01011738,E02002412,Leeds 083,Leeds 083D,-8,Does not apply,-8,Does not apply,0,654,110,16.819571865443425
E01011727,E02002409,Leeds 080,Leeds 080B,-8,Does not apply,-8,Does not apply,0,677,111,16.39586410635155
E01011725,E02002407,Leeds 078,Leeds 078A,-8,Does not apply,-8,Does not apply,0,679,160,23.564064801178205
E01011729,E02002407,Leeds 078,Leeds 078B,-8,Does not apply,-8,Does not apply,0,796,146,18.34170854271357
E01011726,E02002409,Leeds 080,Leeds 080A,-8,Does not apply,-8,Does not apply,0,659,169,25.644916540212442
E01011731,E02002410,Leeds 081,Leeds 081B,-8,Does not apply,-8,Does not apply,0,596,100,16.778523489932887
E01011732,E02002410,Leeds 081,Leeds 081C,-8,Does not apply,-8,Does not apply,0,804,142,17.66169154228856
E01011733,E02002410,Leeds 081,Leeds 081D,-8,Does not apply,-8,Does not apply,0,727,114,15.680880330123797
E01033016,E02006875,Leeds 111,Leeds 111E,-8,Does not apply,-8,Does not apply,0,700,27,3.857142857142857
E01033008,E02006875,Leeds 111,Leeds 111A,-8,Does not apply,-8,Does not apply,0,598,12,2.0066889632107023
E01033010,E02006875,Leeds 111,Leeds 111B,-8,Does not apply,-8,Does not apply,0,766,5,0.6527415143603134
E01033015,E02006875,Leeds 111,Leeds 111D,-8,Does not apply,-8,Does not apply,0,934,27,2.890792291220557
E01035054,E02006876,Leeds 112,Leeds 112F,-8,Does not apply,-8,Does not apply,0,1379,50,3.625815808556925
E01033011,E02006875,Leeds 111,Leeds 111C,-8,Does not apply,-8,Does not apply,0,745,21,2.8187919463087248
E01035047,E02002411,Leeds 082,Leeds 082H,-8,Does not apply,-8,Does not apply,0,636,114,17.92452830188679
E01035046,E02002411,Leeds 082,Leeds 082G,-8,Does not apply,-8,Does not apply,0,763,36,4.718217562254259
E01033033,E02002404,Leeds 075,Leeds 075F,-8,Does not apply,-8,Does not apply,0,655,77,11.755725190839694
E01033034,E02002404,Leeds 075,Leeds 075G,-8,Does not apply,-8,Does not apply,0,919,35,3.808487486398259
E01011734,E02002412,Leeds 083,Leeds 083A,-8,Does not apply,-8,Does not apply,0,1189,250,21.026072329688816
E01011735,E02002407,Leeds 078,Leeds 078D,-8,Does not apply,-8,Does not apply,0,708,162,22.88135593220339
E01011728,E02002409,Leeds 080,Leeds 080C,-8,Does not apply,-8,Does not apply,0,616,77,12.5
E01011739,E02002409,Leeds 080,Leeds 080D,-8,Does not apply,-8,Does not apply,0,735,132,17.959183673469386
E01011736,E02002412,Leeds 083,Leeds 083B,-8,Does not apply,-8,Does not apply,0,641,98,15.288611544461778
E01011737,E02002412,Leeds 083,Leeds 083C,-8,Does not apply,-8,Does not apply,0,766,125,16.318537859007833
E01011730,E02002407,Leeds 078,Leeds 078C,-8,Does not apply,-8,Does not apply,0,676,169,25
